Fecha,No_víctimas,victimas año anterior,evolución
2016,62,0.0,0.0
2017,58,62.0,-6.451612903225806
2018,65,58.0,12.068965517241379
2019,42,65.0,-35.38461538461539
2020,22,42.0,-47.61904761904761
2021,35,22.0,59.09090909090909
